<mujoco model="plate_23">
  <asset>
    <mesh file="visual/model_normalized_0.obj" name="plate_11_normalized_0_vis" scale="0.24975 0.24975 0.24975" refquat="1.0 0.0 0.0 0.0" />
    <mesh file="collision/model_normalized_collision_22.obj" name="plate_11_normalized_collision_22._coll" scale="0.24975 0.24975 0.24975" refquat="1.0 0.0 0.0 0.0" />
    <mesh file="collision/model_normalized_collision_23.obj" name="plate_11_normalized_collision_23._coll" scale="0.24975 0.24975 0.24975" refquat="1.0 0.0 0.0 0.0" />
    <mesh file="collision/model_normalized_collision_21.obj" name="plate_11_normalized_collision_21._coll" scale="0.24975 0.24975 0.24975" refquat="1.0 0.0 0.0 0.0" />
    <mesh file="collision/model_normalized_collision_20.obj" name="plate_11_normalized_collision_20._coll" scale="0.24975 0.24975 0.24975" refquat="1.0 0.0 0.0 0.0" />
    <mesh file="collision/model_normalized_collision_24.obj" name="plate_11_normalized_collision_24._coll" scale="0.24975 0.24975 0.24975" refquat="1.0 0.0 0.0 0.0" />
    <mesh file="collision/model_normalized_collision_30.obj" name="plate_11_normalized_collision_30._coll" scale="0.24975 0.24975 0.24975" refquat="1.0 0.0 0.0 0.0" />
    <mesh file="collision/model_normalized_collision_18.obj" name="plate_11_normalized_collision_18._coll" scale="0.24975 0.24975 0.24975" refquat="1.0 0.0 0.0 0.0" />
    <mesh file="collision/model_normalized_collision_19.obj" name="plate_11_normalized_collision_19._coll" scale="0.24975 0.24975 0.24975" refquat="1.0 0.0 0.0 0.0" />
    <mesh file="collision/model_normalized_collision_31.obj" name="plate_11_normalized_collision_31._coll" scale="0.24975 0.24975 0.24975" refquat="1.0 0.0 0.0 0.0" />
    <mesh file="collision/model_normalized_collision_25.obj" name="plate_11_normalized_collision_25._coll" scale="0.24975 0.24975 0.24975" refquat="1.0 0.0 0.0 0.0" />
    <mesh file="collision/model_normalized_collision_27.obj" name="plate_11_normalized_collision_27._coll" scale="0.24975 0.24975 0.24975" refquat="1.0 0.0 0.0 0.0" />
    <mesh file="collision/model_normalized_collision_26.obj" name="plate_11_normalized_collision_26._coll" scale="0.24975 0.24975 0.24975" refquat="1.0 0.0 0.0 0.0" />
    <mesh file="collision/model_normalized_collision_9.obj" name="plate_11_normalized_collision_9._coll" scale="0.24975 0.24975 0.24975" refquat="1.0 0.0 0.0 0.0" />
    <mesh file="collision/model_normalized_collision_8.obj" name="plate_11_normalized_collision_8._coll" scale="0.24975 0.24975 0.24975" refquat="1.0 0.0 0.0 0.0" />
    <mesh file="collision/model_normalized_collision_6.obj" name="plate_11_normalized_collision_6._coll" scale="0.24975 0.24975 0.24975" refquat="1.0 0.0 0.0 0.0" />
    <mesh file="collision/model_normalized_collision_7.obj" name="plate_11_normalized_collision_7._coll" scale="0.24975 0.24975 0.24975" refquat="1.0 0.0 0.0 0.0" />
    <mesh file="collision/model_normalized_collision_5.obj" name="plate_11_normalized_collision_5._coll" scale="0.24975 0.24975 0.24975" refquat="1.0 0.0 0.0 0.0" />
    <mesh file="collision/model_normalized_collision_4.obj" name="plate_11_normalized_collision_4._coll" scale="0.24975 0.24975 0.24975" refquat="1.0 0.0 0.0 0.0" />
    <mesh file="collision/model_normalized_collision_0.obj" name="plate_11_normalized_collision_0._coll" scale="0.24975 0.24975 0.24975" refquat="1.0 0.0 0.0 0.0" />
    <mesh file="collision/model_normalized_collision_1.obj" name="plate_11_normalized_collision_1._coll" scale="0.24975 0.24975 0.24975" refquat="1.0 0.0 0.0 0.0" />
    <mesh file="collision/model_normalized_collision_3.obj" name="plate_11_normalized_collision_3._coll" scale="0.24975 0.24975 0.24975" refquat="1.0 0.0 0.0 0.0" />
    <mesh file="collision/model_normalized_collision_2.obj" name="plate_11_normalized_collision_2._coll" scale="0.24975 0.24975 0.24975" refquat="1.0 0.0 0.0 0.0" />
    <mesh file="collision/model_normalized_collision_17.obj" name="plate_11_normalized_collision_17._coll" scale="0.24975 0.24975 0.24975" refquat="1.0 0.0 0.0 0.0" />
    <mesh file="collision/model_normalized_collision_16.obj" name="plate_11_normalized_collision_16._coll" scale="0.24975 0.24975 0.24975" refquat="1.0 0.0 0.0 0.0" />
    <mesh file="collision/model_normalized_collision_28.obj" name="plate_11_normalized_collision_28._coll" scale="0.24975 0.24975 0.24975" refquat="1.0 0.0 0.0 0.0" />
    <mesh file="collision/model_normalized_collision_14.obj" name="plate_11_normalized_collision_14._coll" scale="0.24975 0.24975 0.24975" refquat="1.0 0.0 0.0 0.0" />
    <mesh file="collision/model_normalized_collision_15.obj" name="plate_11_normalized_collision_15._coll" scale="0.24975 0.24975 0.24975" refquat="1.0 0.0 0.0 0.0" />
    <mesh file="collision/model_normalized_collision_29.obj" name="plate_11_normalized_collision_29._coll" scale="0.24975 0.24975 0.24975" refquat="1.0 0.0 0.0 0.0" />
    <mesh file="collision/model_normalized_collision_11.obj" name="plate_11_normalized_collision_11._coll" scale="0.24975 0.24975 0.24975" refquat="1.0 0.0 0.0 0.0" />
    <mesh file="collision/model_normalized_collision_10.obj" name="plate_11_normalized_collision_10._coll" scale="0.24975 0.24975 0.24975" refquat="1.0 0.0 0.0 0.0" />
    <mesh file="collision/model_normalized_collision_12.obj" name="plate_11_normalized_collision_12._coll" scale="0.24975 0.24975 0.24975" refquat="1.0 0.0 0.0 0.0" />
    <mesh file="collision/model_normalized_collision_13.obj" name="plate_11_normalized_collision_13._coll" scale="0.24975 0.24975 0.24975" refquat="1.0 0.0 0.0 0.0" />
    <material name="Material.387_plate_11" specular="0.5" shininess="0.359999993" rgba="0.800000 0.800000 0.800000 1.0" />
  </asset>
  <worldbody>
    <body name="body_obj_plate_11">
      <freejoint /><body name="object_plate_11">
        <geom solimp="0.998 0.998 0.001" solref="0.001 1" density="100" friction="0.95 0.3 0.1" type="mesh" mesh="plate_11_normalized_0_vis" conaffinity="0" contype="0" group="2" material="Material.387_plate_11" />
        <geom solimp="0.998 0.998 0.001" solref="0.001 1" density="100" friction="0.95 0.3 0.1" type="mesh" mesh="plate_11_normalized_collision_22._coll" group="3" rgba="0.8 0.8 0.8 0.0" />
        <geom solimp="0.998 0.998 0.001" solref="0.001 1" density="100" friction="0.95 0.3 0.1" type="mesh" mesh="plate_11_normalized_collision_23._coll" group="3" rgba="0.8 0.8 0.8 0.0" />
        <geom solimp="0.998 0.998 0.001" solref="0.001 1" density="100" friction="0.95 0.3 0.1" type="mesh" mesh="plate_11_normalized_collision_21._coll" group="3" rgba="0.8 0.8 0.8 0.0" />
        <geom solimp="0.998 0.998 0.001" solref="0.001 1" density="100" friction="0.95 0.3 0.1" type="mesh" mesh="plate_11_normalized_collision_20._coll" group="3" rgba="0.8 0.8 0.8 0.0" />
        <geom solimp="0.998 0.998 0.001" solref="0.001 1" density="100" friction="0.95 0.3 0.1" type="mesh" mesh="plate_11_normalized_collision_24._coll" group="3" rgba="0.8 0.8 0.8 0.0" />
        <geom solimp="0.998 0.998 0.001" solref="0.001 1" density="100" friction="0.95 0.3 0.1" type="mesh" mesh="plate_11_normalized_collision_30._coll" group="3" rgba="0.8 0.8 0.8 0.0" />
        <geom solimp="0.998 0.998 0.001" solref="0.001 1" density="100" friction="0.95 0.3 0.1" type="mesh" mesh="plate_11_normalized_collision_18._coll" group="3" rgba="0.8 0.8 0.8 0.0" />
        <geom solimp="0.998 0.998 0.001" solref="0.001 1" density="100" friction="0.95 0.3 0.1" type="mesh" mesh="plate_11_normalized_collision_19._coll" group="3" rgba="0.8 0.8 0.8 0.0" />
        <geom solimp="0.998 0.998 0.001" solref="0.001 1" density="100" friction="0.95 0.3 0.1" type="mesh" mesh="plate_11_normalized_collision_31._coll" group="3" rgba="0.8 0.8 0.8 0.0" />
        <geom solimp="0.998 0.998 0.001" solref="0.001 1" density="100" friction="0.95 0.3 0.1" type="mesh" mesh="plate_11_normalized_collision_25._coll" group="3" rgba="0.8 0.8 0.8 0.0" />
        <geom solimp="0.998 0.998 0.001" solref="0.001 1" density="100" friction="0.95 0.3 0.1" type="mesh" mesh="plate_11_normalized_collision_27._coll" group="3" rgba="0.8 0.8 0.8 0.0" />
        <geom solimp="0.998 0.998 0.001" solref="0.001 1" density="100" friction="0.95 0.3 0.1" type="mesh" mesh="plate_11_normalized_collision_26._coll" group="3" rgba="0.8 0.8 0.8 0.0" />
        <geom solimp="0.998 0.998 0.001" solref="0.001 1" density="100" friction="0.95 0.3 0.1" type="mesh" mesh="plate_11_normalized_collision_9._coll" group="3" rgba="0.8 0.8 0.8 0.0" />
        <geom solimp="0.998 0.998 0.001" solref="0.001 1" density="100" friction="0.95 0.3 0.1" type="mesh" mesh="plate_11_normalized_collision_8._coll" group="3" rgba="0.8 0.8 0.8 0.0" />
        <geom solimp="0.998 0.998 0.001" solref="0.001 1" density="100" friction="0.95 0.3 0.1" type="mesh" mesh="plate_11_normalized_collision_6._coll" group="3" rgba="0.8 0.8 0.8 0.0" />
        <geom solimp="0.998 0.998 0.001" solref="0.001 1" density="100" friction="0.95 0.3 0.1" type="mesh" mesh="plate_11_normalized_collision_7._coll" group="3" rgba="0.8 0.8 0.8 0.0" />
        <geom solimp="0.998 0.998 0.001" solref="0.001 1" density="100" friction="0.95 0.3 0.1" type="mesh" mesh="plate_11_normalized_collision_5._coll" group="3" rgba="0.8 0.8 0.8 0.0" />
        <geom solimp="0.998 0.998 0.001" solref="0.001 1" density="100" friction="0.95 0.3 0.1" type="mesh" mesh="plate_11_normalized_collision_4._coll" group="3" rgba="0.8 0.8 0.8 0.0" />
        <geom solimp="0.998 0.998 0.001" solref="0.001 1" density="100" friction="0.95 0.3 0.1" type="mesh" mesh="plate_11_normalized_collision_0._coll" group="3" rgba="0.8 0.8 0.8 0.0" />
        <geom solimp="0.998 0.998 0.001" solref="0.001 1" density="100" friction="0.95 0.3 0.1" type="mesh" mesh="plate_11_normalized_collision_1._coll" group="3" rgba="0.8 0.8 0.8 0.0" />
        <geom solimp="0.998 0.998 0.001" solref="0.001 1" density="100" friction="0.95 0.3 0.1" type="mesh" mesh="plate_11_normalized_collision_3._coll" group="3" rgba="0.8 0.8 0.8 0.0" />
        <geom solimp="0.998 0.998 0.001" solref="0.001 1" density="100" friction="0.95 0.3 0.1" type="mesh" mesh="plate_11_normalized_collision_2._coll" group="3" rgba="0.8 0.8 0.8 0.0" />
        <geom solimp="0.998 0.998 0.001" solref="0.001 1" density="100" friction="0.95 0.3 0.1" type="mesh" mesh="plate_11_normalized_collision_17._coll" group="3" rgba="0.8 0.8 0.8 0.0" />
        <geom solimp="0.998 0.998 0.001" solref="0.001 1" density="100" friction="0.95 0.3 0.1" type="mesh" mesh="plate_11_normalized_collision_16._coll" group="3" rgba="0.8 0.8 0.8 0.0" />
        <geom solimp="0.998 0.998 0.001" solref="0.001 1" density="100" friction="0.95 0.3 0.1" type="mesh" mesh="plate_11_normalized_collision_28._coll" group="3" rgba="0.8 0.8 0.8 0.0" />
        <geom solimp="0.998 0.998 0.001" solref="0.001 1" density="100" friction="0.95 0.3 0.1" type="mesh" mesh="plate_11_normalized_collision_14._coll" group="3" rgba="0.8 0.8 0.8 0.0" />
        <geom solimp="0.998 0.998 0.001" solref="0.001 1" density="100" friction="0.95 0.3 0.1" type="mesh" mesh="plate_11_normalized_collision_15._coll" group="3" rgba="0.8 0.8 0.8 0.0" />
        <geom solimp="0.998 0.998 0.001" solref="0.001 1" density="100" friction="0.95 0.3 0.1" type="mesh" mesh="plate_11_normalized_collision_29._coll" group="3" rgba="0.8 0.8 0.8 0.0" />
        <geom solimp="0.998 0.998 0.001" solref="0.001 1" density="100" friction="0.95 0.3 0.1" type="mesh" mesh="plate_11_normalized_collision_11._coll" group="3" rgba="0.8 0.8 0.8 0.0" />
        <geom solimp="0.998 0.998 0.001" solref="0.001 1" density="100" friction="0.95 0.3 0.1" type="mesh" mesh="plate_11_normalized_collision_10._coll" group="3" rgba="0.8 0.8 0.8 0.0" />
        <geom solimp="0.998 0.998 0.001" solref="0.001 1" density="100" friction="0.95 0.3 0.1" type="mesh" mesh="plate_11_normalized_collision_12._coll" group="3" rgba="0.8 0.8 0.8 0.0" />
        <geom solimp="0.998 0.998 0.001" solref="0.001 1" density="100" friction="0.95 0.3 0.1" type="mesh" mesh="plate_11_normalized_collision_13._coll" group="3" rgba="0.8 0.8 0.8 0.0" />
      </body>
      <site rgba="0 0 0 0" size="0.005" pos="1.8500000041610231e-09 1.8499999990262416e-09 -0.00589834945" name="bottom_site_plate_11" />
      <site rgba="0 0 0 0" size="0.005" pos="1.8500000041610231e-09 1.8499999990262416e-09 0.005789232750000001" name="top_site_plate_11" />
      <site rgba="0 0 0 0" size="0.005" pos="0.0912271556 0.09122715005 -5.45583499999998e-05" name="horizontal_radius_site_plate_11" />
    </body>
  </worldbody>
</mujoco>